algo,arch,scale,query,reln,limit,reps,eps,pre_eps,run_eps,nosy_ans,gsens,bias_ans,true_ans,nosy_ans_list,bias_ans_list,gsens_list,avg_time,time_list
TSensDP,snap_facebook,1,q_4star_9880d9,source_686_circle_circle12,1,10,1.0,0.5,0.5,1291.2361321763813,17.1,1319.0,1328.0,"[1320.8189312572729, 1326.0288986775504, 1240.029080566861, 1301.9119374569432, 1265.4399211104571, 1377.7265895824353, 1204.4960553390313, 1275.6249276124272, 1318.30376555287, 1281.9812146079662]","[1328.0, 1328.0, 1328.0, 1328.0, 1328.0, 1328.0, 1238.0, 1328.0, 1328.0, 1328.0]","[15, 21, 15, 15, 15, 21, 14, 15, 22, 18]",0.4651869058609009,"[0.4823007583618164, 0.45168256759643555, 0.46188783645629883, 0.4839358329772949, 0.4624519348144531, 0.49529552459716797, 0.44481348991394043, 0.4716947078704834, 0.468127965927124, 0.42967844009399414]"
TSensDP,snap_facebook,1,q_4star_9880d9,source_686_circle_circle12,10,10,1.0,0.5,0.5,1258.0946075968382,19.2,1259.0,1328.0,"[1165.7647760733341, 1329.846998068116, 1310.3990228257035, 1002.8970283030282, 1008.8344786423377, 1446.002351329754, 1331.7120239380718, 1334.5602407650313, 1370.5824002577115, 1280.3467557652891]","[1328.0, 1328.0, 1238.0, 1076.0, 980.0, 1328.0, 1328.0, 1328.0, 1328.0, 1328.0]","[47, 17, 14, 12, 11, 19, 17, 15, 19, 21]",0.4510126113891602,"[0.44516730308532715, 0.40080761909484863, 0.3833158016204834, 0.4893176555633545, 0.4914264678955078, 0.4319751262664795, 0.4721105098724365, 0.48244309425354004, 0.4328901767730713, 0.48067235946655273]"
TSensDP,snap_facebook,1,q_4star_9880d9,source_686_circle_circle12,30,10,1.0,0.5,0.5,831.8614255033333,29.0,881.8,1328.0,"[566.4872526290084, 2.7578601251022934, 1064.8660395510024, 1351.5739586971915, 1232.3258688727312, 191.14656218657507, 1293.2790225326312, 424.75625709619226, 1283.6751783323123, 907.746255010585]","[570.0, 4.0, 1076.0, 1328.0, 1238.0, 192.0, 1328.0, 426.0, 1328.0, 1328.0]","[8, 1, 12, 17, 14, 5, 110, 7, 19, 97]",0.47569289207458504,"[0.40293312072753906, 0.5090904235839844, 0.465639591217041, 0.46578431129455566, 0.47765254974365234, 0.5103611946105957, 0.52359938621521, 0.4427955150604248, 0.46897292137145996, 0.4900999069213867]"
TSensDP,snap_facebook,1,q_4star_9880d9,source_686_circle_circle12,50,10,1.0,0.5,0.5,1041.455040614711,17.3,1075.6,1328.0,"[1229.397928139787, 1305.2319327576263, 1261.2072062356272, 990.5540212548343, 1208.1847242839508, 1382.0761798734238, 945.5644749863978, 1135.5790120285153, 2.326247403590393, 954.428679183356]","[1328.0, 1328.0, 1328.0, 980.0, 1238.0, 1328.0, 914.0, 1328.0, 4.0, 980.0]","[16, 15, 36, 11, 14, 23, 10, 36, 1, 11]",0.4652343511581421,"[0.43412351608276367, 0.40537047386169434, 0.45870447158813477, 0.46840834617614746, 0.470994234085083, 0.4504718780517578, 0.5115272998809814, 0.4502108097076416, 0.5146529674530029, 0.48787951469421387]"
TSensDP,snap_facebook,1,q_4star_9880d9,source_686_circle_circle12,100,10,1.0,0.5,0.5,540.0491650616175,13.2,552.8,1328.0,"[385.02482247708605, 1314.2655663759624, 1255.2755765155548, 5.656871260156246, 939.3987625885989, 4.446972069963194, 131.23909500093998, 1360.9370199943564, 0.09992612669062373, 4.147038206866395]","[426.0, 1328.0, 1328.0, 4.0, 980.0, 4.0, 122.0, 1328.0, 4.0, 4.0]","[7, 15, 23, 1, 11, 1, 4, 68, 1, 1]",0.4667324542999268,"[0.4191153049468994, 0.49373531341552734, 0.4923884868621826, 0.47431468963623047, 0.44130659103393555, 0.43865275382995605, 0.44954657554626465, 0.5079360008239746, 0.48505282402038574, 0.46527600288391113]"
TSensDP,snap_facebook,1,q_4star_9880d9,source_686_circle_circle12,1000,10,1.0,0.5,0.5,873.8040145827669,142.4,533.6,1328.0,"[4.247658607349736, -5.467138189874751, 1490.819679759962, 4.551383653483525, 5.55602950001682, 1.4283743985603676, 1.3453678208324877, 1458.922349185146, 4563.410799457308, 1213.2256416348846]","[4.0, 4.0, 1328.0, 4.0, 4.0, 4.0, 4.0, 1328.0, 1328.0, 1328.0]","[1, 1, 61, 1, 1, 1, 1, 203, 1019, 135]",0.4813381195068359,"[0.4547438621520996, 0.5108892917633057, 0.42728662490844727, 0.4954490661621094, 0.48172616958618164, 0.4534757137298584, 0.4606039524078369, 0.5062189102172852, 0.5191676616668701, 0.5038199424743652]"
TSensDP,snap_facebook,1,q_4cycle_c5003f,source_348_circle_circle11,10,10,1.0,0.5,0.5,78081.9995073652,109.8,77922.6,79207.0,"[78874.5038819705, 77253.07581110953, 79437.34064755721, 78983.49510415406, 76907.6409415953, 78813.51197227571, 78412.95645967513, 76931.42848146845, 78123.44960395496, 77082.59216989126]","[78731.0, 77072.0, 78847.0, 78731.0, 77072.0, 78731.0, 78389.0, 76864.0, 77717.0, 77072.0]","[114, 104, 116, 115, 105, 114, 113, 103, 109, 105]",0.6690216779708862,"[0.6825437545776367, 0.6801848411560059, 0.679934024810791, 0.6770281791687012, 0.6586129665374756, 0.698599100112915, 0.6165351867675781, 0.6663975715637207, 0.6489927768707275, 0.6813883781433105]"
TSensDP,snap_facebook,1,q_4cycle_c5003f,source_348_circle_circle11,100,10,1.0,0.5,0.5,77276.30410030943,113.4,77179.6,79207.0,"[76734.13847780864, 75386.40427077796, 71292.41249797436, 78860.61167542679, 78948.34767588628, 79955.66151708002, 77687.9637922639, 79295.03890204056, 75932.3077816461, 78670.15441218964]","[76555.0, 75548.0, 71499.0, 79207.0, 78965.0, 79207.0, 77499.0, 79207.0, 75946.0, 78163.0]","[102, 98, 90, 123, 119, 131, 107, 152, 100, 112]",0.6939890384674072,"[0.7132489681243896, 0.6778337955474854, 0.7022955417633057, 0.7224769592285156, 0.6124165058135986, 0.6734998226165771, 0.6759922504425049, 0.7063133716583252, 0.735724925994873, 0.7200882434844971]"
TSensDP,snap_facebook,1,q_4cycle_c5003f,source_348_circle_circle11,500,10,1.0,0.5,0.5,69485.28702443054,149.0,69675.4,79207.0,"[75026.32823530048, 78375.31316910929, 77944.09235374059, 22259.419696234585, 74601.22805897119, 79136.84630367365, 79207.07037084596, 59250.21710518738, 69847.36630245796, 79204.98864878417]","[74960.0, 79207.0, 79207.0, 22232.0, 74475.0, 79207.0, 79207.0, 59279.0, 69895.0, 79085.0]","[97, 320, 220, 49, 96, 131, 294, 75, 87, 121]",0.6943724632263184,"[0.6964726448059082, 0.7530167102813721, 0.7115368843078613, 0.6625347137451172, 0.6844468116760254, 0.6774063110351562, 0.6740701198577881, 0.6630613803863525, 0.741814374923706, 0.6793646812438965]"
TSensDP,snap_facebook,1,q_4cycle_c5003f,source_348_circle_circle11,1000,10,1.0,0.5,0.5,69995.76272391109,484.9,70238.7,79207.0,"[78844.30900815268, 79168.30435679149, 33005.83294102932, 77799.16698832, 39658.45373617571, 79002.9417901016, 79073.09918047568, 78239.87441118485, 75864.90337079554, 79300.741456084]","[79207.0, 79207.0, 32855.0, 79207.0, 39535.0, 79207.0, 79207.0, 79207.0, 75548.0, 79207.0]","[321, 715, 57, 1369, 61, 264, 258, 1379, 98, 327]",0.6750831842422486,"[0.6750764846801758, 0.7030668258666992, 0.6694800853729248, 0.6538619995117188, 0.6541304588317871, 0.6489698886871338, 0.6540648937225342, 0.7357449531555176, 0.6709766387939453, 0.6854596138000488]"
TSensDP,snap_facebook,1,q_4cycle_c5003f,source_348_circle_circle11,1500,10,1.0,0.5,0.5,67085.49765232527,417.1,67590.3,79207.0,"[78923.75123247677, 77793.39535976337, 74759.78118691212, 73763.42113454286, 24107.095574141444, 79950.9771898589, 79428.68394311145, 44202.77953865455, 76688.85671301064, 61236.234650780476]","[79207.0, 77827.0, 74283.0, 79207.0, 24353.0, 79207.0, 79207.0, 44327.0, 76864.0, 61421.0]","[1021, 110, 95, 1694, 51, 378, 578, 64, 103, 77]",0.6953885078430175,"[0.7452864646911621, 0.7152895927429199, 0.6433236598968506, 0.7386503219604492, 0.6881771087646484, 0.6691310405731201, 0.6808576583862305, 0.6976604461669922, 0.6390528678894043, 0.7364559173583984]"
TSensDP,snap_facebook,1,q_4cycle_c5003f,source_348_circle_circle11,10000,10,1.0,0.5,0.5,46767.122238713164,1000.3,46709.6,79207.0,"[73666.4587207068, 81040.41521774909, -3.6348936668480687, 0.44945959589593737, 77189.8885916606, 1.2920462253747351, -0.7641797752055489, 79223.21309510268, 78874.07594998197, 77679.82837955137]","[73713.0, 79207.0, 0.0, 0.0, 76555.0, 0.0, 0.0, 79207.0, 79207.0, 79207.0]","[94, 4309, 1, 1, 102, 1, 1, 1884, 302, 3308]",0.7357651233673096,"[0.6529009342193604, 0.8060438632965088, 0.948930025100708, 0.6269259452819824, 0.7093520164489746, 0.7577738761901855, 0.7055397033691406, 0.7324104309082031, 0.686506986618042, 0.7312674522399902]"
TSensDP,snap_facebook,1,q_4path_ad6799,source_686_circle_circle12,100,10,1.0,0.5,0.5,1790979.5244904198,15920.8,1776325.9,2807163.0,"[1678690.2448824341, 1766939.6961375289, 1718658.111801107, 1824692.6854632634, 1723708.660162986, 1921602.5644050096, 1782325.8925497844, 1799133.8969443056, 1785359.2454407744, 1908684.2471170065]","[1655259.0, 1758972.0, 1713231.0, 1758972.0, 1713231.0, 1927319.0, 1758972.0, 1774992.0, 1774992.0, 1927319.0]","[14195, 15729, 14857, 15991, 15001, 17348, 15750, 16534, 16379, 17424]",0.7747410297393799,"[0.7074539661407471, 0.7632012367248535, 0.7546272277832031, 0.8059563636779785, 0.7336597442626953, 0.8127522468566895, 0.7397971153259277, 0.8246963024139404, 0.7595012187957764, 0.8457648754119873]"
TSensDP,snap_facebook,1,q_4path_ad6799,source_686_circle_circle12,10000,10,1.0,0.5,0.5,1891458.2149149128,16758.9,1860115.7,2807163.0,"[1630133.7586216403, 1575759.2216402949, 1941207.6259433213, 1800077.8970065755, 2015876.1147696543, 2397982.1541357692, 1826137.2327990732, 1713192.2652828586, 2117573.372010042, 1896642.506939901]","[1600610.0, 1600610.0, 1945167.0, 1774992.0, 1963122.0, 2231575.0, 1808242.0, 1655259.0, 2094261.0, 1927319.0]","[13293, 13339, 17894, 16490, 18086, 20611, 16676, 14309, 19256, 17635]",0.7607778787612915,"[0.6582043170928955, 0.6909744739532471, 0.780799388885498, 0.7575254440307617, 0.8005595207214355, 0.8866593837738037, 0.7273972034454346, 0.7569713592529297, 0.7844564914703369, 0.7642312049865723]"
TSensDP,snap_facebook,1,q_4path_ad6799,source_686_circle_circle12,100000,10,1.0,0.5,0.5,1979261.570859145,27413.2,1999396.3,2807163.0,"[1865646.8845884532, 1006868.3295361757, 2476546.929817591, 2595593.744067469, 2806479.9813391655, 2868217.0744498814, 1567269.709913304, 2690269.4747828394, 614727.3940607529, 1300996.186035816]","[1892903.0, 977834.0, 2523018.0, 2807163.0, 2807163.0, 2807163.0, 1547838.0, 2667038.0, 627931.0, 1335912.0]","[17015, 9608, 26412, 73407, 45945, 38511, 12991, 31355, 6824, 12064]",1.0041805267333983,"[0.7710731029510498, 0.6059684753417969, 0.9590442180633545, 2.0292515754699707, 1.4509327411651611, 1.2880449295043945, 0.660508394241333, 1.1120455265045166, 0.48908257484436035, 0.6758537292480469]"
TSensDP,snap_facebook,1,q_4path_ad6799,source_686_circle_circle12,300000,10,1.0,0.5,0.5,1444926.6443385254,48362.3,1420013.0,2807163.0,"[3075438.8935676655, -3.3523026346178204, 155792.38882831667, 2703114.778511223, -0.041606610658586195, 2894538.8542303764, 2640179.0758817485, 2413340.8521180716, 566867.8704645459, -2.876307452370429]","[2807163.0, 0.0, 149402.0, 2807163.0, 0.0, 2807163.0, 2635998.0, 2448787.0, 544454.0, 0.0]","[294948, 1, 2536, 48073, 1, 78507, 30550, 22954, 6052, 1]",1.4613295793533323,"[6.917273759841919, 0.35417866706848145, 0.46581101417541504, 1.5460996627807617, 0.3368947505950928, 2.1331253051757812, 1.105443000793457, 0.899803638458252, 0.5358870029449463, 0.31877899169921875]"
TSensDP,snap_facebook,1,q_4path_ad6799,source_686_circle_circle12,500000,10,1.0,0.5,0.5,1893876.8057988847,65011.3,1968326.4,2807163.0,"[2874341.0749654467, 773930.3029457206, 2152799.6802639393, 2103291.5298681175, 2786333.867175964, 3358383.9711625907, 2702273.5983207743, -7.843920073923137, 2187425.0396693987, -3.1624630228207318]","[2807163.0, 775293.0, 2807163.0, 2807163.0, 2807163.0, 2807163.0, 2700248.0, 0.0, 2171908.0, 0.0]","[52417, 8005, 203342, 155880, 45546, 131677, 33700, 1, 19544, 1]",1.8369939565658568,"[1.5742583274841309, 0.5638906955718994, 5.031073808670044, 3.7945382595062256, 1.3866589069366455, 3.263408660888672, 1.1488010883331299, 0.3675966262817383, 0.8780088424682617, 0.36170434951782227]"
TSensDP,snap_facebook,1,q_4path_ad6799,source_686_circle_circle12,1000000,10,1.0,0.5,0.5,1713279.3525752616,137371.1,1761827.1,2807163.0,"[1.2349363219326317, 3114638.701989717, 2442212.824536705, 2406479.0659148237, -2.141336306575415, 2741189.9287793986, 777255.3194983478, 2780424.7248290633, 2870595.928795308, -2.062190761810679]","[0.0, 2807163.0, 2807163.0, 2807163.0, 0.0, 2807163.0, 775293.0, 2807163.0, 2807163.0, 0.0]","[1, 356195, 104119, 301697, 1, 352417, 7995, 109299, 141986, 1]",3.34204478263855,"[0.3946816921234131, 8.137853145599365, 2.65094256401062, 6.79780125617981, 0.31621503829956055, 7.965610027313232, 0.5329782962799072, 2.8171350955963135, 3.4805948734283447, 0.32663583755493164]"
TSensDP,snap_facebook,1,q_4star_c31edd,source_686_circle_circle4,1,10,1.0,0.5,0.5,1354.3799459158333,10.4,1355.3,1398.0,"[1218.2992648785255, 1310.3361790725235, 1441.9091566876555, 1338.5885622664707, 1340.2800958692733, 1333.0175596282163, 1419.6331279330734, 1332.1305266169202, 1437.701138717865, 1371.9038474878116]","[1219.0, 1336.0, 1398.0, 1336.0, 1336.0, 1336.0, 1398.0, 1398.0, 1398.0, 1398.0]","[8, 9, 12, 9, 9, 9, 15, 11, 11, 11]",0.5210089445114136,"[0.5189909934997559, 0.4926176071166992, 0.5222823619842529, 0.5259420871734619, 0.5226190090179443, 0.4987344741821289, 0.516556978225708, 0.5128486156463623, 0.5444097518920898, 0.5550875663757324]"
TSensDP,snap_facebook,1,q_4star_c31edd,source_686_circle_circle4,10,10,1.0,0.5,0.5,1225.969767413766,13.6,1207.8,1398.0,"[1359.9721186976626, 700.0047155617017, 1006.4215632109352, 1214.2908200226252, 1190.5625129243792, 1451.5993471228837, 1197.3591669706566, 1428.368888220224, 1453.1790717285521, 1257.9394696780405]","[1376.0, 669.0, 963.0, 1219.0, 1219.0, 1398.0, 1219.0, 1398.0, 1398.0, 1219.0]","[10, 6, 7, 8, 8, 36, 8, 24, 21, 8]",0.5247188806533813,"[0.5683169364929199, 0.5230565071105957, 0.4968717098236084, 0.49385666847229004, 0.5264618396759033, 0.5260982513427734, 0.5592877864837646, 0.4602789878845215, 0.5325117111206055, 0.560448408126831]"
TSensDP,snap_facebook,1,q_4star_c31edd,source_686_circle_circle4,30,10,1.0,0.5,0.5,1231.7201907208346,25.0,1170.9,1398.0,"[1311.3431935014141, 1378.3714781767096, 6.501117221158561, 957.4616250810948, 1541.2038949548212, 1372.2284739915362, 1194.1804988658728, 1902.645078079292, 1216.4771770107425, 1436.7893703257034]","[1398.0, 1336.0, 4.0, 963.0, 1398.0, 1398.0, 1219.0, 1398.0, 1219.0, 1376.0]","[35, 9, 1, 7, 54, 20, 8, 98, 8, 10]",0.5240560054779053,"[0.5334591865539551, 0.557957649230957, 0.531196117401123, 0.5407938957214355, 0.4917001724243164, 0.4942896366119385, 0.4989485740661621, 0.5148632526397705, 0.5601921081542969, 0.5171594619750977]"
TSensDP,snap_facebook,1,q_4star_c31edd,source_686_circle_circle4,50,10,1.0,0.5,0.5,944.3263306045424,28.3,949.3,1398.0,"[1381.085251940084, 1405.9958896120086, 1215.7796842071598, 1357.625582013273, 1392.7854760124978, 3.3273924484852335, 2.0835578911447614, 649.0780161796708, 1375.3240685831497, 660.1783871579502]","[1398.0, 1398.0, 1219.0, 1398.0, 1398.0, 4.0, 4.0, 669.0, 1336.0, 669.0]","[13, 20, 8, 185, 34, 1, 1, 6, 9, 6]",0.5115155458450318,"[0.5319414138793945, 0.5052392482757568, 0.49386048316955566, 0.5398313999176025, 0.4934060573577881, 0.5270695686340332, 0.5150599479675293, 0.4996798038482666, 0.4819352626800537, 0.5271322727203369]"
TSensDP,snap_facebook,1,q_4star_c31edd,source_686_circle_circle4,100,10,1.0,0.5,0.5,784.254480221525,21.2,761.1,1398.0,"[7.309604008721292, 1747.6920195894138, 8.185897563892109, 1428.246915435094, 972.886953202166, 4.809673707249697, 1207.5124632717361, 1307.582325347559, 1152.6109175207307, 5.708032568686925]","[4.0, 1398.0, 4.0, 1398.0, 963.0, 4.0, 1219.0, 1398.0, 1219.0, 4.0]","[1, 142, 1, 20, 7, 1, 8, 23, 8, 1]",0.5004976511001586,"[0.4946596622467041, 0.4963710308074951, 0.4996066093444824, 0.49467992782592773, 0.5268592834472656, 0.500699520111084, 0.5088794231414795, 0.4764881134033203, 0.5036196708679199, 0.5031132698059082]"
TSensDP,snap_facebook,1,q_4star_c31edd,source_686_circle_circle4,1000,10,1.0,0.5,0.5,325.12447943595606,586.9,840.4,1398.0,"[5.604200093624679, 6.778576400333347, -1579.5939409663838, 1263.1421294778145, 1638.0482302820699, 546.6844523183976, 1152.6616221246604, 212.3957567421628, 2.011135605298032, 3.5126322815832767]","[4.0, 4.0, 1398.0, 1398.0, 1398.0, 1398.0, 1398.0, 1398.0, 4.0, 4.0]","[1, 1, 1497, 501, 1086, 1178, 1243, 360, 1, 1]",0.5194711446762085,"[0.5247831344604492, 0.5068044662475586, 0.5313024520874023, 0.5126824378967285, 0.5627601146697998, 0.5442278385162354, 0.506507158279419, 0.5018963813781738, 0.5083162784576416, 0.49543118476867676]"
TSensDP,snap_facebook,1,q_4cycle_7de1ca,source_348_circle_circle11,10,10,1.0,0.5,0.5,19450.589382104838,44.6,19469.3,19737.0,"[19597.296610261328, 19743.23663242415, 19533.855103646572, 19548.321301975135, 19058.773888150536, 19026.17205628274, 19631.599335237835, 19649.798744685424, 19514.13554212094, 19202.704606263713]","[19596.0, 19737.0, 19596.0, 19596.0, 19244.0, 19244.0, 19596.0, 19596.0, 19244.0, 19244.0]","[46, 49, 44, 44, 43, 43, 46, 45, 43, 43]",0.5475045680999756,"[0.5591139793395996, 0.5590870380401611, 0.5033855438232422, 0.5477595329284668, 0.586294412612915, 0.5336794853210449, 0.5443239212036133, 0.5253500938415527, 0.5590648651123047, 0.5569868087768555]"
TSensDP,snap_facebook,1,q_4cycle_7de1ca,source_348_circle_circle11,100,10,1.0,0.5,0.5,18870.475439255057,78.9,18974.8,19737.0,"[19603.562531597432, 19513.326724855833, 16099.066031342043, 18268.018984800343, 19412.285095121693, 19508.70668502623, 19765.583398122548, 19019.185716586297, 18310.584073284015, 19204.43515181414]","[19596.0, 19596.0, 16049.0, 18108.0, 19737.0, 19596.0, 19737.0, 19737.0, 18348.0, 19244.0]","[45, 44, 35, 39, 310, 44, 59, 129, 41, 43]",0.5631409168243409,"[0.5397875308990479, 0.5369853973388672, 0.5039882659912109, 0.5969383716583252, 0.6175942420959473, 0.5597498416900635, 0.5768814086914062, 0.5221621990203857, 0.5725274085998535, 0.6047945022583008]"
TSensDP,snap_facebook,1,q_4cycle_7de1ca,source_348_circle_circle11,500,10,1.0,0.5,0.5,19150.934920888823,243.5,19210.7,19737.0,"[21010.354396469902, 19573.53843606681, 14753.693662681204, 19015.76243775449, 19701.670095362402, 20050.70504707599, 19694.566225101, 19599.299077016636, 19413.658291476077, 18696.10153988371]","[19737.0, 19596.0, 14756.0, 19737.0, 19737.0, 19737.0, 19737.0, 19737.0, 19596.0, 19737.0]","[527, 44, 33, 236, 64, 406, 165, 138, 45, 777]",0.6019465446472168,"[0.5769329071044922, 0.570228099822998, 0.5380604267120361, 0.5694005489349365, 0.5311543941497803, 0.5722877979278564, 0.8886318206787109, 0.5566244125366211, 0.6169881820678711, 0.5991568565368652]"
TSensDP,snap_facebook,1,q_4cycle_7de1ca,source_348_circle_circle11,1000,10,1.0,0.5,0.5,10934.459634897776,334.3,11016.4,19737.0,"[1.9159293134934983, 18177.648875508614, -2.134646106015712, 16782.360953780124, 18672.906395179958, 1.75859114553232, 3.1926032137484133, 22410.672073579753, 20153.37640641999, 13142.89916694258]","[1.0, 18108.0, 1.0, 19737.0, 19737.0, 1.0, 1.0, 19737.0, 19737.0, 13104.0]","[1, 39, 1, 535, 646, 1, 1, 1650, 438, 31]",0.5773724555969239,"[0.5947279930114746, 0.5811252593994141, 0.5623044967651367, 0.5786402225494385, 0.5651159286499023, 0.5320634841918945, 0.5797579288482666, 0.6408998966217041, 0.6148245334625244, 0.5242648124694824]"
TSensDP,snap_facebook,1,q_4cycle_7de1ca,source_348_circle_circle11,1500,10,1.0,0.5,0.5,10042.539497948716,387.7,9869.0,19737.0,"[24218.31927473259, 1.238369505447505, 4.459266830392268, 0.5640009508935488, 1.2517093132952357, -10.318699210317622, 20058.790330916898, 18341.484863698774, 19427.969520610197, 18381.63634213901]","[19737.0, 1.0, 1.0, 1.0, 1.0, 1.0, 19737.0, 19737.0, 19737.0, 19737.0]","[1007, 1, 1, 1, 1, 1, 185, 320, 1507, 853]",0.5689788103103638,"[0.5901732444763184, 0.5378577709197998, 0.543954610824585, 0.5763735771179199, 0.6256656646728516, 0.5391724109649658, 0.5456414222717285, 0.5544378757476807, 0.5988750457763672, 0.5776364803314209]"
TSensDP,snap_facebook,1,q_4cycle_7de1ca,source_348_circle_circle11,10000,10,1.0,0.5,0.5,12010.356603943985,4014.7,13816.2,19737.0,"[19688.701733035585, -0.7632229079297157, 4381.430689678216, 14135.118435574543, -0.3811957899349592, 31052.473306364824, 12884.189731446568, 19086.06555427708, 4.2730386716729365, 18872.457969089195]","[19737.0, 1.0, 19737.0, 19737.0, 1.0, 19737.0, 19737.0, 19737.0, 1.0, 19737.0]","[1877, 1, 12272, 5178, 1, 8594, 9291, 1205, 1, 1727]",0.6471348524093627,"[0.6097366809844971, 0.5838930606842041, 0.8483247756958008, 0.7419779300689697, 0.5196492671966553, 0.79901123046875, 0.665093183517456, 0.549893856048584, 0.5335135459899902, 0.6202549934387207]"
TSensDP,snap_facebook,1,q_triangle_b052f9,source_686_circle_circle13,1,10,1.0,0.5,0.5,1742.3102448923016,13.8,1749.4,1844.0,"[1737.1817356474523, 1833.2290406643335, 1827.76128881355, 1835.666196210704, 1753.823937954835, 1537.6171320104702, 1760.0019367538218, 1630.4274495730845, 1850.9169161116388, 1656.4768151831233]","[1743.0, 1844.0, 1844.0, 1844.0, 1743.0, 1507.0, 1743.0, 1743.0, 1844.0, 1639.0]","[13, 15, 15, 16, 13, 11, 13, 13, 17, 12]",0.2462594270706177,"[0.25586867332458496, 0.25954437255859375, 0.20524024963378906, 0.21547698974609375, 0.23791742324829102, 0.26358652114868164, 0.2650625705718994, 0.27910804748535156, 0.2644476890563965, 0.21634173393249512]"
TSensDP,snap_facebook,1,q_triangle_b052f9,source_686_circle_circle13,30,10,1.0,0.5,0.5,1656.1750350948346,23.2,1659.7,1844.0,"[1932.3469452035035, 1762.5664328337446, 1783.7492739216436, 1860.713693666851, 1732.2344303230318, 538.0153535802202, 1741.5854575718345, 1862.1686821509006, 1847.8225706159528, 1500.5475110806642]","[1844.0, 1844.0, 1844.0, 1844.0, 1743.0, 540.0, 1743.0, 1844.0, 1844.0, 1507.0]","[27, 19, 63, 22, 13, 6, 13, 40, 18, 11]",0.2536314964294434,"[0.25389909744262695, 0.25032639503479004, 0.27622461318969727, 0.2705206871032715, 0.25544095039367676, 0.22913074493408203, 0.2501082420349121, 0.24534368515014648, 0.2349848747253418, 0.27033567428588867]"
TSensDP,snap_facebook,1,q_triangle_b052f9,source_686_circle_circle13,50,10,1.0,0.5,0.5,1182.6757354473525,24.2,1143.2,1844.0,"[2121.5180521936827, 1169.423053653332, 2.912325889745091, 1757.82913735184, 1661.8647189190592, 4.738104826218279, 1345.7002984650796, 1617.806855969391, 2137.7916073178167, 7.1731998873596545]","[1844.0, 1153.0, 4.0, 1743.0, 1844.0, 4.0, 1353.0, 1639.0, 1844.0, 4.0]","[98, 9, 1, 13, 43, 1, 10, 12, 54, 1]",0.2405054092407227,"[0.21895432472229004, 0.19771218299865723, 0.23433852195739746, 0.22258996963500977, 0.24264144897460938, 0.27892112731933594, 0.2807786464691162, 0.23845815658569336, 0.22914958000183105, 0.26151013374328613]"
TSensDP,snap_facebook,1,q_triangle_b052f9,source_686_circle_circle13,80,10,1.0,0.5,0.5,1399.6592969349808,44.7,1350.1,1844.0,"[1793.195779154689, 1528.9631405857588, 1167.7473438339655, 3.679758599883198, 938.2318069976598, 2310.593028882603, 1890.7529686797923, 1755.895161554567, 749.99276595814, 1857.541215102749]","[1799.0, 1507.0, 1153.0, 4.0, 919.0, 1844.0, 1844.0, 1844.0, 743.0, 1844.0]","[14, 11, 9, 1, 8, 289, 21, 70, 7, 17]",0.2630905151367188,"[0.27199244499206543, 0.2731945514678955, 0.2133960723876953, 0.2785000801086426, 0.2503480911254883, 0.25791049003601074, 0.24281620979309082, 0.2728090286254883, 0.29968976974487305, 0.2702484130859375]"
TSensDP,snap_facebook,1,q_triangle_b052f9,source_686_circle_circle13,100,10,1.0,0.5,0.5,1530.1129212513074,42.7,1508.1,1844.0,"[4.009744217482712, 1601.0833521863788, 1846.2799450802047, 1882.3827994196995, 1878.2842086798616, 1247.6994323300873, 1191.3605562168304, 1942.964622462671, 1827.426480174312, 1879.6380717455436]","[4.0, 1507.0, 1844.0, 1844.0, 1844.0, 1353.0, 1153.0, 1844.0, 1844.0, 1844.0]","[1, 11, 15, 71, 51, 10, 9, 71, 85, 103]",0.2481263875961304,"[0.23743653297424316, 0.25171923637390137, 0.25865769386291504, 0.27203965187072754, 0.25583815574645996, 0.24876070022583008, 0.2772688865661621, 0.28249073028564453, 0.20756769180297852, 0.1894845962524414]"
TSensDP,snap_facebook,1,q_triangle_b052f9,source_686_circle_circle13,1000,10,1.0,0.5,0.5,1313.0123236582422,346.0,903.5,1844.0,"[6.2462572369489635, 3.9456721879529075, 3468.28375766929, 8.947808517225734, 5.672080293719732, 2641.175537061016, 4.232179679098337, 2690.911739910102, 2660.670479068316, 1640.0377249587523]","[4.0, 4.0, 1844.0, 4.0, 4.0, 1844.0, 4.0, 1844.0, 1844.0, 1639.0]","[1, 1, 865, 1, 1, 428, 1, 436, 1714, 12]",0.2858392000198364,"[0.27132654190063477, 0.34625768661499023, 0.5359683036804199, 0.22607755661010742, 0.23761701583862305, 0.27190113067626953, 0.23535823822021484, 0.2876420021057129, 0.282367467880249, 0.16387605667114258]"
TSensDP,snap_facebook,1,q_4star_568681,source_348_circle_circle13,1,10,1.0,0.5,0.5,1244.16303073948,16.0,1246.8,1369.0,"[1130.9355289380535, 1246.1177340011309, 1197.553948903917, 1359.3364636516824, 1386.964990407481, 1153.4296573020565, 1370.7290593920402, 1217.2640656290987, 1239.6204190889807, 1139.6784400803595]","[1198.0, 1262.0, 1198.0, 1313.0, 1369.0, 1262.0, 1313.0, 1198.0, 1262.0, 1093.0]","[15, 16, 15, 17, 19, 16, 17, 15, 16, 14]",0.5338725090026856,"[0.5020830631256104, 0.5479376316070557, 0.4958462715148926, 0.5344338417053223, 0.5311903953552246, 0.5644998550415039, 0.5197231769561768, 0.5452024936676025, 0.5179948806762695, 0.5798134803771973]"
TSensDP,snap_facebook,1,q_4star_568681,source_348_circle_circle13,10,10,1.0,0.5,0.5,1136.1732876841506,14.7,1149.5,1369.0,"[1051.7292841709982, 1033.400268384689, 1206.5201872459118, 1060.377186459398, 1015.5269224074217, 1372.1315412703373, 1248.3587632645495, 906.8215072847748, 1185.9147641940938, 1280.952452159333]","[1093.0, 1037.0, 1198.0, 1037.0, 1093.0, 1331.0, 1313.0, 933.0, 1198.0, 1262.0]","[14, 13, 15, 13, 14, 18, 17, 12, 15, 16]",0.5558918952941895,"[0.5526115894317627, 0.5142209529876709, 0.5683374404907227, 0.5468950271606445, 0.5739588737487793, 0.5063257217407227, 0.5555622577667236, 0.5948379039764404, 0.5703301429748535, 0.5758390426635742]"
TSensDP,snap_facebook,1,q_4star_568681,source_348_circle_circle13,30,10,1.0,0.5,0.5,946.2205134137806,41.5,1027.7,1369.0,"[1490.781313714651, 1287.849055870969, 360.90018722586467, 1325.522635846354, 915.5257596503495, 1024.624108742611, 1236.9299325417915, 545.1824524881902, 1265.7291922615223, 9.160495795502246]","[1369.0, 1369.0, 367.0, 1369.0, 1369.0, 1369.0, 1262.0, 529.0, 1262.0, 12.0]","[99, 54, 7, 58, 73, 82, 16, 9, 16, 1]",0.5634138107299804,"[0.5459680557250977, 0.5329494476318359, 0.5597496032714844, 0.5624792575836182, 0.5997734069824219, 0.5556204319000244, 0.5856809616088867, 0.6132810115814209, 0.5314326286315918, 0.5472033023834229]"
TSensDP,snap_facebook,1,q_4star_568681,source_348_circle_circle13,50,10,1.0,0.5,0.5,915.6296304802196,47.7,827.6,1369.0,"[10.187126228635053, 1028.452925609078, 1345.798701388184, 11.57048214950205, 1293.216673784386, 1352.6474094371686, 2219.723193184442, 13.821524603532504, 1344.642435960604, 536.2358324566652]","[12.0, 1037.0, 1198.0, 12.0, 1369.0, 1369.0, 1369.0, 12.0, 1369.0, 529.0]","[1, 13, 15, 1, 132, 102, 76, 1, 127, 9]",0.5454906940460205,"[0.5477161407470703, 0.5202374458312988, 0.5624439716339111, 0.4799063205718994, 0.5778687000274658, 0.5172481536865234, 0.560173511505127, 0.6125471591949463, 0.5342848300933838, 0.5424807071685791]"
TSensDP,snap_facebook,1,q_4star_568681,source_348_circle_circle13,100,10,1.0,0.5,0.5,1303.3075304202064,74.0,1183.0,1369.0,"[1272.2943143686769, 1392.5185230686363, 1218.3688527269903, 1243.20330147824, 1362.487393825231, 1467.1305477512196, 1984.0114210173192, 2038.5544258081466, 15.911229630821943, 1038.5952945267836]","[1369.0, 1369.0, 1198.0, 1369.0, 1369.0, 1369.0, 1369.0, 1369.0, 12.0, 1037.0]","[135, 38, 15, 98, 106, 29, 103, 202, 1, 13]",0.5648909330368042,"[0.5616261959075928, 0.545412540435791, 0.5789139270782471, 0.5494983196258545, 0.5807969570159912, 0.5647799968719482, 0.5650637149810791, 0.5292613506317139, 0.5943892002105713, 0.5791671276092529]"
TSensDP,snap_facebook,1,q_4star_568681,source_348_circle_circle13,1000,10,1.0,0.5,0.5,1242.355508192474,236.3,961.9,1369.0,"[1256.0059961865068, 1713.3343347104121, 1365.7686118065276, 11.953756345081478, 2990.7466537384507, 2422.5798013368467, 1292.6900273503986, 1345.9416312207998, 11.312339975521521, 13.221929254193535]","[1369.0, 1369.0, 1369.0, 12.0, 1369.0, 1369.0, 1369.0, 1369.0, 12.0, 12.0]","[404, 186, 110, 1, 884, 348, 364, 64, 1, 1]",0.5636169910430908,"[0.5850841999053955, 0.5419092178344727, 0.5808086395263672, 0.5428481101989746, 0.5657956600189209, 0.5373153686523438, 0.5729994773864746, 0.5592384338378906, 0.5558745861053467, 0.5942962169647217]"
TSensDP,snap_facebook,1,q_4cycle_be45ed,source_686_circle_circle13,10,10,1.0,0.5,0.5,3131.405159305274,45.0,3077.9,3825.0,"[2651.5980208744763, 3052.48107516418, 2881.093044426516, 3507.3817718923774, 3668.0902844099155, 3304.687313605182, 3868.3808423233245, 2405.1127204910317, 2852.871835923319, 3122.354683942418]","[2591.0, 2999.0, 2911.0, 3440.0, 3764.0, 3185.0, 3764.0, 2387.0, 2827.0, 2911.0]","[35, 45, 42, 52, 56, 47, 59, 32, 40, 42]",0.2937861442565918,"[0.2885122299194336, 0.26754212379455566, 0.29874753952026367, 0.3078584671020508, 0.3261098861694336, 0.2673511505126953, 0.2854025363922119, 0.2870612144470215, 0.2920546531677246, 0.31722164154052734]"
TSensDP,snap_facebook,1,q_4cycle_be45ed,source_686_circle_circle13,100,10,1.0,0.5,0.5,2419.1307094130593,60.3,2411.4,3825.0,"[4246.677233599862, 2263.1337408085374, 598.9818054568786, 2355.6879750701737, 2644.9710213458593, 2270.49095155387, 2977.528743273386, 3145.5312068321373, 5.171988930171711, 3683.1324272597144]","[3825.0, 2291.0, 600.0, 2453.0, 2591.0, 2291.0, 2999.0, 3234.0, 5.0, 3825.0]","[96, 31, 16, 33, 35, 31, 44, 50, 1, 266]",0.30887813568115235,"[0.29073071479797363, 0.3012251853942871, 0.3301050662994385, 0.3384428024291992, 0.32755398750305176, 0.3432807922363281, 0.30800604820251465, 0.25728535652160645, 0.26898646354675293, 0.3231649398803711]"
TSensDP,snap_facebook,1,q_4cycle_be45ed,source_686_circle_circle13,500,10,1.0,0.5,0.5,2317.023286152146,148.3,2290.9,3825.0,"[3.452609113281697, 4525.006546576008, 3550.9869604349547, 3805.163237716143, 3984.0937692310677, 3528.665703663746, 5.192773873228594, 4.312073175653277, 3756.85283373034, 6.506354007037649]","[5.0, 3825.0, 3825.0, 3825.0, 3825.0, 3825.0, 5.0, 5.0, 3764.0, 5.0]","[1, 312, 350, 126, 311, 323, 1, 1, 57, 1]",0.3343220233917236,"[0.31827402114868164, 0.2866685390472412, 0.3321833610534668, 0.25291872024536133, 0.29996442794799805, 0.3269925117492676, 0.312469482421875, 0.5503239631652832, 0.3910481929779053, 0.27237701416015625]"
TSensDP,snap_facebook,1,q_4cycle_be45ed,source_686_circle_circle13,1000,10,1.0,0.5,0.5,2174.523750614032,100.6,1998.0,3825.0,"[3564.0044613812684, 5037.622760658241, 4.346330726472575, 7.722273512030903, 4076.689150791283, -0.232671081679225, 1077.8121426284388, 4532.151240103466, 2.823541497723481, 3442.2982759230727]","[3764.0, 3825.0, 5.0, 5.0, 3825.0, 5.0, 1013.0, 3825.0, 5.0, 3708.0]","[57, 289, 1, 1, 155, 1, 23, 423, 1, 55]",0.3004276752471924,"[0.3019440174102783, 0.30237603187561035, 0.30452966690063477, 0.2952430248260498, 0.25586724281311035, 0.32711029052734375, 0.29375529289245605, 0.2983689308166504, 0.2907562255859375, 0.33432602882385254]"
TSensDP,snap_facebook,1,q_4cycle_be45ed,source_686_circle_circle13,1500,10,1.0,0.5,0.5,2803.460654090961,417.9,2500.8,3825.0,"[3992.1032138426417, 5.5543661738796315, 2178.7857791585106, 6.06826356994069, 3715.599159769496, 3963.6221958296546, 5825.0707499582595, 5439.6744268726925, 2902.456353172316, 5.67203256221403]","[3825.0, 5.0, 2043.0, 5.0, 3825.0, 3825.0, 3825.0, 3825.0, 3825.0, 5.0]","[727, 1, 30, 1, 187, 1182, 965, 459, 626, 1]",0.30019614696502683,"[0.3232748508453369, 0.32822704315185547, 0.29331541061401367, 0.31978774070739746, 0.2969481945037842, 0.34753990173339844, 0.30887842178344727, 0.2673466205596924, 0.28925204277038574, 0.22739124298095703]"
TSensDP,snap_facebook,1,q_4cycle_be45ed,source_686_circle_circle13,10000,10,1.0,0.5,0.5,4128.670527579681,1511.2,2679.0,3825.0,"[7.885017190944725, 3794.298056167234, 15479.40413246502, 6.0322902624323245, -1192.9282307310432, 6109.191432387399, 1604.2801531010473, 3988.6445425272673, 11485.178289439871, 4.719592986636631]","[5.0, 3825.0, 3825.0, 5.0, 3825.0, 3825.0, 3825.0, 3825.0, 3825.0, 5.0]","[1, 61, 4312, 1, 4469, 716, 1222, 572, 3757, 1]",0.3290259599685669,"[0.2571432590484619, 0.353926420211792, 0.3654179573059082, 0.2524867057800293, 0.3809685707092285, 0.347027063369751, 0.34929919242858887, 0.3098948001861572, 0.4010887145996094, 0.2730069160461426]"
TSensDP,snap_facebook,1,q_4path_cb10d8,source_348_circle_circle11,100,10,1.0,0.5,0.5,8821948.401730496,10842.6,8812725.9,9256927.0,"[8752869.15070661, 8735899.333096191, 8828350.513512643, 8894373.75728437, 8706292.489552414, 8850961.079155907, 8868386.182974387, 8750800.569431158, 9044833.233871715, 8786717.707719551]","[8764956.0, 8733223.0, 8818751.0, 8862608.0, 8764956.0, 8829641.0, 8929190.0, 8743772.0, 9009493.0, 8670669.0]","[10661, 10536, 10862, 11022, 10623, 10947, 11254, 10573, 11610, 10338]",0.6640517234802246,"[0.739692211151123, 0.6817221641540527, 0.67140793800354, 0.6537117958068848, 0.6379117965698242, 0.6761069297790527, 0.6245524883270264, 0.5984055995941162, 0.6806185245513916, 0.6763877868652344]"
TSensDP,snap_facebook,1,q_4path_cb10d8,source_348_circle_circle11,10000,10,1.0,0.5,0.5,8887384.654775256,11988.6,8881718.9,9256927.0,"[9327277.457701037, 8862685.60721515, 8757188.935078906, 8770422.242631866, 8382933.203453475, 8609517.994424896, 8775290.634471009, 9263711.424041925, 9192829.891983783, 8931989.156750528]","[9256927.0, 8862608.0, 8786351.0, 8786351.0, 8361035.0, 8609278.0, 8764956.0, 9256927.0, 9203566.0, 8929190.0]","[18767, 11027, 10732, 10703, 9766, 10162, 10609, 13889, 12923, 11308]",0.6918727397918701,"[0.8922042846679688, 0.6520552635192871, 0.6805965900421143, 0.660447359085083, 0.6555876731872559, 0.6990995407104492, 0.6167185306549072, 0.7053790092468262, 0.6714932918548584, 0.6851458549499512]"
TSensDP,snap_facebook,1,q_4path_cb10d8,source_348_circle_circle11,100000,10,1.0,0.5,0.5,8165198.822515015,18472.7,8123608.5,9256927.0,"[6214953.20660775, 9273241.878194353, 8016108.542276921, 8631535.72074471, 7399087.935381334, 9157210.557302075, 6311743.289157153, 9287915.980750088, 9703731.548463227, 7656459.566272538]","[6219620.0, 9256927.0, 8025330.0, 8639793.0, 7400459.0, 9256927.0, 6274800.0, 9256927.0, 9256927.0, 7648375.0]","[7859, 20788, 9423, 10227, 8743, 19190, 7913, 45085, 46497, 9002]",0.8352448463439941,"[0.6337175369262695, 0.8856279850006104, 0.5689358711242676, 0.6477150917053223, 0.6088695526123047, 0.8812756538391113, 0.5957181453704834, 1.4007747173309326, 1.5370879173278809, 0.5927259922027588]"
TSensDP,snap_facebook,1,q_4path_cb10d8,source_348_circle_circle11,300000,10,1.0,0.5,0.5,9078283.810749616,83993.9,9106031.3,9256927.0,"[9289282.447260112, 9279706.4478448, 9526115.700653374, 9691635.011085737, 9135905.27739622, 9314177.748529727, 7744315.564388266, 9179216.504498394, 9049397.388245467, 8573086.017594045]","[9256927.0, 9256927.0, 9256927.0, 9256927.0, 9256927.0, 9256927.0, 7747970.0, 9256927.0, 9256927.0, 9256927.0]","[20387, 56880, 54731, 189427, 108516, 21611, 9101, 104399, 89260, 185627]",2.2670918226242067,"[0.8828041553497314, 1.7189209461212158, 1.6154086589813232, 4.573504686355591, 2.8432605266571045, 0.8848764896392822, 0.6422669887542725, 2.7281434535980225, 2.3780407905578613, 4.403691530227661]"
TSensDP,snap_facebook,1,q_4path_cb10d8,source_348_circle_circle11,500000,10,1.0,0.5,0.5,9245680.62395817,149282.8,8919535.4,9256927.0,"[8745766.948152242, 9186898.935493497, 6390848.498009753, 10257684.241681311, 9226405.507164413, 9288790.443340905, 10930385.058715848, 10270264.768011516, 9043059.5633771, 9116702.275635116]","[8786351.0, 9256927.0, 6393880.0, 9256927.0, 9216634.0, 9256927.0, 9256927.0, 9256927.0, 9256927.0, 9256927.0]","[10752, 129669, 7965, 119716, 13280, 100534, 295951, 345314, 327707, 141940]",3.6409467697143554,"[0.630460262298584, 3.146759510040283, 0.5957467555999756, 2.998873472213745, 0.7239718437194824, 2.5432238578796387, 6.9813244342803955, 7.785736322402954, 7.571854591369629, 3.431516647338867]"
TSensDP,snap_facebook,1,q_4path_cb10d8,source_348_circle_circle11,1000000,10,1.0,0.5,0.5,3846791.4056356917,39525.7,3797213.8,9256927.0,"[0.6113078395018019, -1.6552796642845466, 6797801.121527572, 1.5202849302771215, 9967056.128333122, 2987740.4120502276, 9084219.96323028, 7373824.1731777955, 2257265.107588108, 6.67413671562328]","[0.0, 0.0, 6848796.0, 0.0, 9256927.0, 2990058.0, 9256927.0, 7365599.0, 2253831.0, 0.0]","[1, 1, 8258, 1, 336485, 5806, 30675, 8701, 5328, 1]",1.2876154899597168,"[0.33748650550842285, 0.405245304107666, 0.625011682510376, 0.3971216678619385, 7.977479457855225, 0.49430251121520996, 1.1116905212402344, 0.6620955467224121, 0.5450356006622314, 0.32068610191345215]"
TSensDP,snap_facebook,1,q_4star_19e532,source_348_circle_circle13,1,10,1.0,0.5,0.5,1474.9986462793563,17.2,1472.8,1557.0,"[1546.2173379099918, 1394.8943099008889, 1572.2394301513364, 1531.5050101423928, 1563.7763057500638, 1547.665574721561, 1444.6053974760462, 1279.0330843691165, 1487.7409803091518, 1382.3090320630188]","[1501.0, 1386.0, 1557.0, 1557.0, 1501.0, 1501.0, 1501.0, 1281.0, 1557.0, 1386.0]","[17, 15, 21, 20, 17, 17, 17, 14, 19, 15]",0.5689889192581177,"[0.5494465827941895, 0.5205345153808594, 0.6006817817687988, 0.5762388706207275, 0.47939491271972656, 0.6228828430175781, 0.6351706981658936, 0.599529504776001, 0.5726761817932129, 0.5333333015441895]"
TSensDP,snap_facebook,1,q_4star_19e532,source_348_circle_circle13,10,10,1.0,0.5,0.5,1479.6054623975288,19.9,1506.8,1557.0,"[1559.1031581533177, 1503.1196613140542, 1563.0515221698668, 1211.9688505896436, 1528.9222816142164, 1509.2235424915011, 1356.9130863174307, 1504.6498823730806, 1552.8215310510823, 1506.281107901094]","[1557.0, 1519.0, 1501.0, 1225.0, 1519.0, 1557.0, 1557.0, 1519.0, 1557.0, 1557.0]","[22, 18, 17, 13, 18, 28, 26, 18, 19, 20]",0.5682697296142578,"[0.5789618492126465, 0.5279171466827393, 0.5602946281433105, 0.596834659576416, 0.5728988647460938, 0.6108801364898682, 0.5572445392608643, 0.551811695098877, 0.5864229202270508, 0.5394308567047119]"
TSensDP,snap_facebook,1,q_4star_19e532,source_348_circle_circle13,30,10,1.0,0.5,0.5,1338.7217677601125,22.3,1354.7,1557.0,"[1267.930911933873, 1458.3542076306126, 1299.4502650627205, 1443.8084893005248, 1243.2924190850042, 1238.027005131614, 1537.716077074409, 1583.8852866495097, 857.1091542271504, 1457.6438615057093]","[1281.0, 1557.0, 1281.0, 1450.0, 1225.0, 1225.0, 1557.0, 1557.0, 857.0, 1557.0]","[14, 61, 14, 16, 13, 13, 28, 19, 10, 35]",0.564858865737915,"[0.5842857360839844, 0.5683648586273193, 0.6031410694122314, 0.5682401657104492, 0.5667855739593506, 0.576225757598877, 0.5912661552429199, 0.568272590637207, 0.5028994083404541, 0.5191073417663574]"
TSensDP,snap_facebook,1,q_4star_19e532,source_348_circle_circle13,50,10,1.0,0.5,0.5,1097.7298300648897,24.4,1092.7,1557.0,"[1655.178210293547, 733.28513298069, 1131.3597622859477, 1514.090717161961, 966.9996884207246, 628.4532825215546, 20.854570802462522, 1540.6013647803816, 1225.2175473689167, 1561.2580240327072]","[1557.0, 717.0, 1121.0, 1557.0, 989.0, 627.0, 20.0, 1557.0, 1225.0, 1557.0]","[55, 9, 12, 25, 11, 8, 1, 31, 13, 79]",0.5553393602371216,"[0.5133056640625, 0.5499317646026611, 0.6039144992828369, 0.5497181415557861, 0.5433828830718994, 0.5348432064056396, 0.545412540435791, 0.5963501930236816, 0.5968062877655029, 0.519728422164917]"
TSensDP,snap_facebook,1,q_4star_19e532,source_348_circle_circle13,100,10,1.0,0.5,0.5,1303.859049484919,68.3,1316.2,1557.0,"[1451.0705015096698, 18.35958086335885, 1456.284671027416, 1620.6794664279532, 1869.5949082681434, 1530.829452827514, 1310.3784161932617, 948.3629710978869, 1365.1378304510934, 1467.8926961828938]","[1386.0, 20.0, 1557.0, 1557.0, 1557.0, 1557.0, 1557.0, 857.0, 1557.0, 1557.0]","[15, 1, 140, 33, 185, 160, 74, 10, 34, 31]",0.5423523187637329,"[0.5682852268218994, 0.522517204284668, 0.5222620964050293, 0.5925333499908447, 0.4903595447540283, 0.544133186340332, 0.5448024272918701, 0.5749099254608154, 0.5243568420410156, 0.5393633842468262]"
TSensDP,snap_facebook,1,q_4star_19e532,source_348_circle_circle13,1000,10,1.0,0.5,0.5,-860.0888465902156,300.4,634.8,1557.0,"[19.582601632325552, 20.26220993752719, -14220.558768208113, 19.584325533580174, 1387.3456673252972, 20.29070623426084, 22.208836153795097, 1652.6333950773912, 21.314255749146227, 2456.448304662634]","[20.0, 20.0, 1557.0, 20.0, 1557.0, 20.0, 20.0, 1557.0, 20.0, 1557.0]","[1, 1, 1985, 1, 160, 1, 1, 152, 1, 701]",0.5698440313339234,"[0.5755987167358398, 0.6157591342926025, 0.5656907558441162, 0.5712404251098633, 0.571434736251831, 0.5371725559234619, 0.5645411014556885, 0.5770514011383057, 0.5580806732177734, 0.561870813369751]"
TSensDP,snap_facebook,1,q_4path_93f4e3,source_348_circle_circle11,100,10,1.0,0.5,0.5,1875570.4706658428,3617.1,1879657.6,2012183.0,"[1896197.4138959004, 1821982.5148632063, 1858901.7829915148, 1907332.479318733, 1751819.9238586447, 1894730.971988164, 1903220.1700320109, 1901411.6992699082, 1900330.1032307977, 1919777.6472095468]","[1894877.0, 1823337.0, 1894877.0, 1905755.0, 1759833.0, 1894877.0, 1905755.0, 1905755.0, 1905755.0, 1905755.0]","[3615, 3556, 3578, 3675, 3480, 3579, 3712, 3649, 3643, 3684]",0.5119104623794556,"[0.512721061706543, 0.4953320026397705, 0.5071184635162354, 0.5132317543029785, 0.48305320739746094, 0.5089402198791504, 0.5207147598266602, 0.516282320022583, 0.532243013381958, 0.5294678211212158]"
TSensDP,snap_facebook,1,q_4path_93f4e3,source_348_circle_circle11,10000,10,1.0,0.5,0.5,1836158.0845518343,4364.9,1830767.0,2012183.0,"[1664292.7870184022, 1916182.507996795, 1899226.5462978627, 2030047.9752843063, 1756949.6415268965, 1572651.1047564307, 2061909.3908339108, 1901316.3666980134, 2003632.0128400314, 1555372.5122656925]","[1676414.0, 1917074.0, 1905755.0, 1983567.0, 1759833.0, 1572304.0, 2012183.0, 1905755.0, 2012183.0, 1562602.0]","[3390, 3981, 3758, 4270, 3493, 3246, 9830, 3643, 4851, 3187]",0.4854837417602539,"[0.46553754806518555, 0.46544384956359863, 0.4865224361419678, 0.4538998603820801, 0.4527420997619629, 0.46259379386901855, 0.5812051296234131, 0.46420788764953613, 0.5228281021118164, 0.49985671043395996]"
TSensDP,snap_facebook,1,q_4path_93f4e3,source_348_circle_circle11,100000,10,1.0,0.5,0.5,1372581.2566086594,14995.4,1376388.5,2012183.0,"[1797152.5655233809, 2011925.0865117689, -1.7722101602649942, 2085216.882356707, 2041503.4753453902, 16583.849226421607, 2010902.1695968357, 1903735.1645488783, 1819306.2266791125, 39488.91850825839]","[1823337.0, 2012183.0, 0.0, 2012183.0, 2012183.0, 16288.0, 2012183.0, 2012183.0, 1823337.0, 40008.0]","[3566, 36628, 1, 9942, 5585, 676, 11237, 77856, 3568, 895]",0.7043162822723389,"[0.4786062240600586, 1.2194056510925293, 0.3399844169616699, 0.5447735786437988, 0.45258069038391113, 0.37435007095336914, 0.6344096660614014, 2.089454412460327, 0.4790935516357422, 0.43050456047058105]"
TSensDP,snap_facebook,1,q_4path_93f4e3,source_348_circle_circle11,300000,10,1.0,0.5,0.5,1430969.7642972178,66364.6,1357837.0,2012183.0,"[2006338.9477671804, 2050670.8328499023, 2086806.6440246142, 2439923.969829332, 1.0104143265544636, 1996217.2557609049, 1504684.45500695, -0.9819536076741324, 2225056.6759825335, -1.1667099569755668]","[2012183.0, 2012183.0, 2012183.0, 2012183.0, 0.0, 2012183.0, 1505272.0, 0.0, 2012183.0, 0.0]","[43053, 31552, 136111, 61838, 1, 192368, 3171, 1, 195550, 1]",1.8283761501312257,"[1.338592767715454, 1.1245622634887695, 3.2686750888824463, 1.8128676414489746, 0.3347933292388916, 4.621730089187622, 0.3997197151184082, 0.37561559677124023, 4.668874502182007, 0.3383305072784424]"
TSensDP,snap_facebook,1,q_4path_93f4e3,source_348_circle_circle11,500000,10,1.0,0.5,0.5,1111591.50759463,46451.6,1120574.1,2012183.0,"[0.4979991427357155, 1151303.4300959073, 1972330.5997785884, 2015796.1548325706, 2012082.172737193, -1.4306615534520724, 1999240.7153526712, 4.259672331783273, 1965160.7383660027, -2.0622265549069505]","[0.0, 1144826.0, 2012183.0, 2012183.0, 2012183.0, 0.0, 2012183.0, 0.0, 2012183.0, 0.0]","[1, 2602, 29417, 67466, 80841, 1, 63604, 1, 220582, 1]",1.3809237003326416,"[0.36849045753479004, 0.4543647766113281, 1.0054395198822021, 1.8278026580810547, 2.059846878051758, 0.3599557876586914, 1.758242130279541, 0.35878586769104004, 5.2753870487213135, 0.34092187881469727]"
TSensDP,snap_facebook,1,q_4path_93f4e3,source_348_circle_circle11,1000000,10,1.0,0.5,0.5,814654.4832488581,68323.0,1006091.5,2012183.0,"[1902034.9900103712, 1686836.9589269443, 2195092.371256367, -3.1444155968340084, 8.211510533659283, 1.7766965576303066, 1971018.1148813418, 391566.0091786515, -10.245971705247197, -0.20958488210869852]","[2012183.0, 2012183.0, 2012183.0, 0.0, 0.0, 0.0, 2012183.0, 2012183.0, 0.0, 0.0]","[103286, 81993, 88155, 1, 1, 1, 47363, 362428, 1, 1]",1.8463495969772337,"[2.635216474533081, 2.122380495071411, 2.2772152423858643, 0.3372073173522949, 0.41425561904907227, 0.3700265884399414, 1.4176816940307617, 8.141103982925415, 0.3618581295013428, 0.3865504264831543]"
TSensDP,snap_facebook,1,q_4path_8ac4a3,source_686_circle_circle13,100,10,1.0,0.5,0.5,250460.31305648386,3557.0,244212.8,388576.0,"[259318.4759701383, 228989.2206888678, 239897.43775564167, 245826.7628273552, 237285.74065280586, 245173.44343209782, 283178.10510679486, 240720.1401318673, 289085.712076404, 235128.09192286595]","[235363.0, 242305.0, 238795.0, 238795.0, 215267.0, 249538.0, 275911.0, 238795.0, 271996.0, 235363.0]","[3431, 3598, 3508, 3463, 3176, 3634, 3937, 3505, 3900, 3418]",0.4614716529846191,"[0.46855902671813965, 0.4339721202850342, 0.42815566062927246, 0.4938950538635254, 0.4947645664215088, 0.48081254959106445, 0.49347925186157227, 0.4057047367095947, 0.48760151863098145, 0.42777204513549805]"
TSensDP,snap_facebook,1,q_4path_8ac4a3,source_686_circle_circle13,10000,10,1.0,0.5,0.5,188919.73635933868,5018.5,202239.4,388576.0,"[182940.43556991158, 119948.22250047051, 224692.56908914514, 0.3221279461163125, 293233.6655013062, 270924.63348462194, 0.7536125327566893, 368200.6506224881, 211741.6775839851, 217514.43350097956]","[171016.0, 124529.0, 228576.0, 0.0, 296797.0, 388576.0, 0.0, 388576.0, 209057.0, 215267.0]","[2756, 2403, 3380, 1, 4520, 17102, 1, 13649, 3080, 3293]",0.4946405410766602,"[0.3886451721191406, 0.4247746467590332, 0.4365532398223877, 0.3666493892669678, 0.5050733089447021, 0.7479546070098877, 0.35788893699645996, 0.7519357204437256, 0.48088741302490234, 0.48604297637939453]"
TSensDP,snap_facebook,1,q_4path_8ac4a3,source_686_circle_circle13,100000,10,1.0,0.5,0.5,197325.44888052388,13721.0,193194.6,388576.0,"[230947.97308564774, 347013.06933810975, 1403.3228980596791, -0.5961383693810108, 159818.8000839175, -1.2982006229658618, 418956.4770989375, 3.425653841158203, 393778.3272099245, 421334.9877757933]","[218563.0, 388576.0, 1708.0, 0.0, 157371.0, 0.0, 388576.0, 0.0, 388576.0, 388576.0]","[3313, 35623, 438, 1, 2665, 1, 21552, 1, 61135, 12481]",0.6771720170974731,"[0.43224501609802246, 1.1637208461761475, 0.3199920654296875, 0.4000577926635742, 0.44811463356018066, 0.38485097885131836, 0.9069836139678955, 0.35999083518981934, 1.7038118839263916, 0.6519525051116943]"
TSensDP,snap_facebook,1,q_4path_8ac4a3,source_686_circle_circle13,300000,10,1.0,0.5,0.5,242235.55790774352,38865.1,230456.5,388576.0,"[199041.17769138256, 363169.48227689613, 515642.7067529303, -3.3270842264941867, 1.181787749211912, 392825.0283471522, 6.244094160575961, -5.333545195446133, 338465.86989265494, 613212.548863931]","[388576.0, 361685.0, 388576.0, 0.0, 0.0, 388576.0, 0.0, 0.0, 388576.0, 388576.0]","[61970, 5808, 118297, 1, 1, 71963, 1, 1, 17587, 113022]",1.1930829524993896,"[1.6832797527313232, 0.5034871101379395, 2.866767406463623, 0.3173704147338867, 0.37122416496276855, 1.9323923587799072, 0.33838367462158203, 0.35689568519592285, 0.7974684238433838, 2.7635605335235596]"
TSensDP,snap_facebook,1,q_4path_8ac4a3,source_686_circle_circle13,500000,10,1.0,0.5,0.5,206694.83141236726,48406.0,194288.0,388576.0,"[1.1589725213593725, 524214.83877904067, 393850.08648125385, 135329.90891534058, -0.19187806242961974, -0.6904316537085794, -2.065154867112826, -1.7386363076748217, 559918.6392925241, 453638.36778388254]","[0.0, 388576.0, 388576.0, 388576.0, 0.0, 0.0, 0.0, 0.0, 388576.0, 388576.0]","[1, 121529, 46381, 161966, 1, 1, 1, 1, 85735, 68444]",1.3940086841583252,"[0.3504483699798584, 2.971914291381836, 1.3603284358978271, 3.8722259998321533, 0.33638620376586914, 0.3317742347717285, 0.33785510063171387, 0.37460899353027344, 2.2228477001190186, 1.7816975116729736]"
TSensDP,snap_facebook,1,q_4path_8ac4a3,source_686_circle_circle13,1000000,10,1.0,0.5,0.5,147398.06978318695,137562.2,179309.9,388576.0,"[236155.57573842685, -4.412931317460145, 0.0358180445206831, -296883.4567562551, 348783.2986867331, -0.7637474584612268, 238184.71303411614, -0.8964643707677897, -2.219827641245212, 947748.8242815923]","[388576.0, 0.0, 0.0, 388576.0, 388576.0, 0.0, 238795.0, 0.0, 0.0, 388576.0]","[56841, 1, 1, 389024, 63669, 1, 3439, 1, 1, 862644]",3.2732713460922236,"[1.5697028636932373, 0.34594297409057617, 0.3715696334838867, 8.72439432144165, 1.7232441902160645, 0.3397948741912842, 0.43811869621276855, 0.3660731315612793, 0.34699177742004395, 18.50688099861145]"
TSensDP,snap_facebook,1,q_triangle_d99715,source_348_circle_circle11,1,10,1.0,0.5,0.5,10253.871117741632,22.7,10290.2,10366.0,"[10458.072269285438, 10297.674990714166, 10125.334761605636, 10326.361684050442, 10102.830011377771, 10050.66129733629, 10279.676332547573, 10243.041305886209, 10297.19190413546, 10357.866620477342]","[10366.0, 10366.0, 10144.0, 10320.0, 10144.0, 10144.0, 10366.0, 10366.0, 10320.0, 10366.0]","[27, 23, 21, 22, 21, 21, 23, 24, 22, 23]",0.4599922418594361,"[0.4868757724761963, 0.4815192222595215, 0.44217467308044434, 0.43132615089416504, 0.4459545612335205, 0.4884476661682129, 0.4459054470062256, 0.4783346652984619, 0.4217963218688965, 0.4775879383087158]"
TSensDP,snap_facebook,1,q_triangle_d99715,source_348_circle_circle11,30,10,1.0,0.5,0.5,9739.294145922084,22.1,9712.6,10366.0,"[10115.12461217666, 10231.434463427313, 10144.307320196554, 10443.350323024288, 10224.846011269636, 10397.020992490296, 8289.517066332479, 6866.610301181461, 10434.440040190466, 10246.290328931678]","[10144.0, 10320.0, 10144.0, 10144.0, 10144.0, 10366.0, 8300.0, 6878.0, 10366.0, 10320.0]","[21, 22, 21, 21, 21, 36, 17, 15, 25, 22]",0.4952572107315064,"[0.49062132835388184, 0.4463810920715332, 0.45741748809814453, 0.47914886474609375, 0.4779551029205322, 0.4754023551940918, 0.46381473541259766, 0.4632887840270996, 0.5878522396087646, 0.6106901168823242]"
TSensDP,snap_facebook,1,q_triangle_d99715,source_348_circle_circle11,50,10,1.0,0.5,0.5,9903.29799801457,72.9,9953.6,10366.0,"[10610.209542290204, 9653.20640440602, 10127.36465715011, 9872.165867881755, 10316.40181500748, 10167.943022600532, 10446.871225808518, 9266.193449698087, 10321.414632825006, 8251.209362478003]","[10366.0, 9661.0, 10366.0, 10366.0, 10320.0, 10144.0, 10366.0, 9281.0, 10366.0, 8300.0]","[60, 20, 78, 134, 22, 21, 144, 19, 214, 17]",0.4798947811126709,"[0.49318861961364746, 0.4857628345489502, 0.4652252197265625, 0.4309051036834717, 0.4777030944824219, 0.49550557136535645, 0.5106205940246582, 0.4777812957763672, 0.49277162551879883, 0.4694838523864746]"
TSensDP,snap_facebook,1,q_triangle_d99715,source_348_circle_circle11,80,10,1.0,0.5,0.5,10043.392154802303,42.6,10072.1,10366.0,"[10406.113042684905, 10359.087111498913, 10366.362087134525, 10140.755223154107, 10117.579926395045, 9717.252428970178, 10070.505009971967, 9294.532672968884, 10307.179776420895, 9654.55426882362]","[10366.0, 10366.0, 10366.0, 10144.0, 10144.0, 9661.0, 10366.0, 9281.0, 10366.0, 9661.0]","[23, 23, 120, 21, 21, 20, 122, 19, 37, 20]",0.4670619487762451,"[0.46605992317199707, 0.43169188499450684, 0.4765191078186035, 0.47742366790771484, 0.4729428291320801, 0.4070014953613281, 0.46434831619262695, 0.503589391708374, 0.464008092880249, 0.5070347785949707]"
TSensDP,snap_facebook,1,q_triangle_d99715,source_348_circle_circle11,100,10,1.0,0.5,0.5,9146.121198884928,65.0,9221.0,10366.0,"[10072.144341129997, 9631.79296703792, 10439.70536286729, 2133.331225191625, 10556.547849858825, 9874.298312314737, 10071.785610615769, 10053.834726328543, 8275.028385659938, 10352.743207844649]","[10366.0, 9661.0, 10366.0, 2131.0, 10366.0, 10366.0, 10144.0, 10144.0, 8300.0, 10366.0]","[119, 20, 78, 9, 48, 151, 21, 21, 17, 166]",0.468957805633545,"[0.4565715789794922, 0.4916038513183594, 0.4676399230957031, 0.44701218605041504, 0.45513916015625, 0.4580068588256836, 0.4853808879852295, 0.47537946701049805, 0.4676947593688965, 0.4851493835449219]"
TSensDP,snap_facebook,1,q_triangle_d99715,source_348_circle_circle11,1000,10,1.0,0.5,0.5,6940.35376011776,233.6,7035.0,10366.0,"[9600.34580667632, 9727.764274994504, 12.036470588473772, 17.234623568586017, 10922.446301180824, 10299.429076408325, 10813.029480230198, 9945.869771689504, 2098.615933293496, 5966.76586254737]","[10366.0, 10366.0, 15.0, 15.0, 10366.0, 10366.0, 10366.0, 10366.0, 2131.0, 5993.0]","[248, 442, 1, 1, 136, 477, 669, 339, 9, 14]",0.4966815233230591,"[0.4453392028808594, 0.5307519435882568, 0.48207640647888184, 0.42520976066589355, 0.43666982650756836, 0.756385087966919, 0.4932112693786621, 0.4786868095397949, 0.419330358505249, 0.49915456771850586]"
TSensDP,snap_facebook,1,q_4cycle_a0d7e9,source_686_circle_circle12,10,10,1.0,0.5,0.5,19146.847687749167,194.8,18916.5,24166.0,"[20414.49707491268, 18285.988280963276, 21087.383104542223, 18567.64407689913, 18571.459384148802, 18301.234933683983, 17989.973300393714, 21028.352180113354, 17266.45436537207, 19955.490176462405]","[20561.0, 18112.0, 22168.0, 18484.0, 18294.0, 17755.0, 18112.0, 20561.0, 16433.0, 18685.0]","[219, 181, 237, 192, 188, 171, 179, 219, 159, 203]",0.3518737554550171,"[0.36419010162353516, 0.36812663078308105, 0.35788488388061523, 0.3527061939239502, 0.3632199764251709, 0.3373870849609375, 0.3541121482849121, 0.32649755477905273, 0.36290931701660156, 0.33170366287231445]"
TSensDP,snap_facebook,1,q_4cycle_a0d7e9,source_686_circle_circle12,100,10,1.0,0.5,0.5,19744.40605865492,206.4,19669.2,24166.0,"[21718.345865129933, 22103.679873965004, 18630.244684593315, 24426.742144940847, 17395.463147366376, 18168.562062743193, 21101.566854372697, 17412.6545695179, 18112.696761663483, 18374.104622256422]","[21237.0, 23365.0, 18484.0, 23894.0, 17250.0, 18294.0, 20344.0, 17585.0, 17755.0, 18484.0]","[228, 259, 196, 270, 166, 188, 213, 169, 177, 198]",0.3570312738418579,"[0.3182528018951416, 0.4020533561706543, 0.4079630374908447, 0.3210296630859375, 0.3733515739440918, 0.35550832748413086, 0.3512582778930664, 0.33161377906799316, 0.3442847728729248, 0.36499714851379395]"
TSensDP,snap_facebook,1,q_4cycle_a0d7e9,source_686_circle_circle12,500,10,1.0,0.5,0.5,17229.00932150001,296.4,16713.0,24166.0,"[20724.60215499818, 22643.05891871664, 18498.48323268697, 16282.505911097092, 8540.69508196275, 9135.034079107936, 5747.168361832175, 16002.992314400044, 21756.580643602978, 32958.97251659533]","[20782.0, 23894.0, 18484.0, 16123.0, 8545.0, 9109.0, 5738.0, 16123.0, 24166.0, 24166.0]","[222, 268, 196, 149, 78, 81, 59, 153, 346, 1412]",0.3765164136886597,"[0.403942346572876, 0.3820931911468506, 0.36940646171569824, 0.35846853256225586, 0.40737390518188477, 0.3775970935821533, 0.32985615730285645, 0.3293740749359131, 0.39110803604125977, 0.41594433784484863]"
TSensDP,snap_facebook,1,q_4cycle_a0d7e9,source_686_circle_circle12,1000,10,1.0,0.5,0.5,13333.610556139334,237.3,12845.8,24166.0,"[26569.06814728637, -6.1795278143007355, 27694.009190326553, 11704.41024166689, 23368.18772313851, 18364.806085765616, 794.5154628211736, 12389.65508095837, 12457.287141355893, 0.3460158882613522]","[24166.0, 2.0, 24166.0, 12564.0, 23365.0, 18685.0, 848.0, 12214.0, 12446.0, 2.0]","[1044, 1, 512, 119, 242, 206, 17, 114, 117, 1]",0.3732283592224121,"[0.4303169250488281, 0.3555750846862793, 0.40125608444213867, 0.34998512268066406, 0.3312242031097412, 0.3983769416809082, 0.34980249404907227, 0.4139378070831299, 0.35911059379577637, 0.342698335647583]"
TSensDP,snap_facebook,1,q_4cycle_a0d7e9,source_686_circle_circle12,1500,10,1.0,0.5,0.5,14166.219235642116,327.5,15116.0,24166.0,"[3.0979209027636125, 16254.42832582272, 4178.96741415057, 23163.494067655152, 23447.062474970397, 23671.753658143567, 7600.083609683331, 10958.259156454824, 24332.817707902464, 8052.228020735358]","[2.0, 24166.0, 4342.0, 23365.0, 24166.0, 24166.0, 7692.0, 11018.0, 24166.0, 8077.0]","[1, 1190, 50, 255, 380, 764, 76, 104, 378, 77]",0.3781190633773804,"[0.40922117233276367, 0.40465545654296875, 0.3825368881225586, 0.3535573482513428, 0.39470553398132324, 0.36622047424316406, 0.327986478805542, 0.3555154800415039, 0.392474889755249, 0.3943169116973877]"
TSensDP,snap_facebook,1,q_4cycle_a0d7e9,source_686_circle_circle12,10000,10,1.0,0.5,0.5,9494.221837876355,920.8,9896.7,24166.0,"[2.346186973443081, 2.5660541520704587, 28696.883269686816, 6.566034758120015, 0.15981643186536232, 24116.383797693834, 23016.210573891713, 2413.1863358406104, 16683.691852550237, 4.224456784866021]","[2.0, 2.0, 24166.0, 2.0, 2.0, 24166.0, 24166.0, 2293.0, 24166.0, 2.0]","[1, 1, 4381, 1, 1, 2275, 315, 31, 2201, 1]",0.3904536485671997,"[0.3404710292816162, 0.4391968250274658, 0.4780452251434326, 0.3925354480743408, 0.331881046295166, 0.46677708625793457, 0.3634626865386963, 0.3377969264984131, 0.4137265682220459, 0.34064364433288574]"
TSensDP,snap_facebook,1,q_triangle_484bb9,source_348_circle_circle11,1,10,1.0,0.5,0.5,20535.248497565433,35.5,20497.8,20751.0,"[20666.74290478851, 20605.987185984817, 20330.438301612412, 20658.089500213377, 20808.299561261276, 20406.200737365776, 20248.844434212613, 20700.313495757502, 20573.71166103127, 20353.857193426746]","[20665.0, 20601.0, 20331.0, 20665.0, 20751.0, 20389.0, 20191.0, 20665.0, 20331.0, 20389.0]","[33, 31, 28, 33, 85, 29, 27, 32, 28, 29]",0.5265885829925537,"[0.5351135730743408, 0.5554285049438477, 0.5139436721801758, 0.4984884262084961, 0.471221923828125, 0.5242319107055664, 0.5074820518493652, 0.5863420963287354, 0.5044922828674316, 0.5691413879394531]"
TSensDP,snap_facebook,1,q_triangle_484bb9,source_348_circle_circle11,30,10,1.0,0.5,0.5,20356.369383587717,36.3,20325.9,20751.0,"[19128.47370773883, 20601.496143293647, 20584.410052898846, 20332.569817532178, 20975.486129668672, 20795.680841467984, 20793.41238972203, 19768.93671872116, 20412.155573015723, 20171.072461818076]","[19074.0, 20665.0, 20601.0, 20331.0, 20751.0, 20751.0, 20751.0, 19813.0, 20331.0, 20191.0]","[24, 35, 31, 28, 70, 51, 43, 26, 28, 27]",0.5050320386886596,"[0.49131298065185547, 0.5442311763763428, 0.4767951965332031, 0.568117618560791, 0.5119054317474365, 0.49788451194763184, 0.4585611820220947, 0.4683644771575928, 0.5047764778137207, 0.5283713340759277]"
TSensDP,snap_facebook,1,q_triangle_484bb9,source_348_circle_circle11,50,10,1.0,0.5,0.5,20350.313788713684,42.1,20335.2,20751.0,"[20883.227553166933, 19443.928154625723, 19499.769045218134, 20794.82527750781, 20655.559029107833, 20411.292218604718, 20203.91761518537, 20463.73236480578, 20587.085078533586, 20559.80155038094]","[20751.0, 19449.0, 19449.0, 20751.0, 20539.0, 20331.0, 20191.0, 20539.0, 20601.0, 20751.0]","[44, 25, 25, 65, 30, 28, 27, 30, 31, 116]",0.5292678594589233,"[0.6684885025024414, 0.5621085166931152, 0.5236623287200928, 0.4913513660430908, 0.4880239963531494, 0.5057823657989502, 0.5224957466125488, 0.5030703544616699, 0.5081803798675537, 0.5195150375366211]"
TSensDP,snap_facebook,1,q_triangle_484bb9,source_348_circle_circle11,80,10,1.0,0.5,0.5,20083.935591473568,53.9,20054.9,20751.0,"[20891.169572989616, 20793.846027387022, 19408.66734767773, 20285.37230204059, 17134.976687390277, 19824.844436908283, 20450.04403158855, 20178.9599482703, 21050.78000809345, 20820.69555238987]","[20751.0, 20751.0, 19449.0, 20331.0, 17160.0, 19813.0, 20601.0, 20191.0, 20751.0, 20751.0]","[103, 68, 25, 28, 21, 26, 31, 27, 122, 88]",0.4961365699768066,"[0.5253591537475586, 0.47602367401123047, 0.49081993103027344, 0.4901270866394043, 0.5000796318054199, 0.49683642387390137, 0.49034595489501953, 0.4750494956970215, 0.4705955982208252, 0.5461287498474121]"
TSensDP,snap_facebook,1,q_triangle_484bb9,source_348_circle_circle11,100,10,1.0,0.5,0.5,19001.132833999032,49.8,18971.3,20751.0,"[20210.813626955736, 17251.801971938316, 20379.37303130731, 20646.37134695556, 20277.56039055407, 20886.423439637012, 14229.613181366163, 21146.205888971697, 14252.960628636976, 20730.204833667478]","[20191.0, 17160.0, 20751.0, 20665.0, 20191.0, 20751.0, 14251.0, 20751.0, 14251.0, 20751.0]","[27, 21, 114, 32, 27, 106, 18, 50, 18, 85]",0.4963718175888062,"[0.5134556293487549, 0.5018079280853271, 0.4465522766113281, 0.49472665786743164, 0.49538207054138184, 0.48364806175231934, 0.5059959888458252, 0.5159330368041992, 0.5139038562774658, 0.4923126697540283]"
TSensDP,snap_facebook,1,q_triangle_484bb9,source_348_circle_circle11,1000,10,1.0,0.5,0.5,13134.629311712155,287.3,13070.5,20751.0,"[19084.35621715649, 20232.310161625188, 19121.595910896296, 18690.22737659475, 12.050540528473498, 25093.623292725806, 9.87222223394023, 18029.50475637559, 11062.279746416021, 10.472892568988676]","[20751.0, 20751.0, 20751.0, 18666.0, 10.0, 20751.0, 10.0, 17930.0, 11075.0, 10.0]","[824, 763, 642, 23, 1, 580, 1, 22, 16, 1]",0.546199369430542,"[0.4777989387512207, 0.546729564666748, 0.536970853805542, 0.4737091064453125, 0.547555685043335, 0.5094969272613525, 0.5372464656829834, 0.46050047874450684, 0.8793127536773682, 0.4926729202270508]"
TSensDP,snap_facebook,1,q_triangle_c6971a,source_686_circle_circle12,1,10,1.0,0.5,0.5,3598.3018144496905,22.0,3602.6,3800.0,"[3849.57236356154, 3501.7247750132997, 3659.941868555028, 3074.7753684219615, 3512.626306100785, 3760.913895358139, 3768.1831450030027, 3266.7546146791824, 3784.280066801907, 3804.2457410020606]","[3750.0, 3526.0, 3658.0, 3074.0, 3526.0, 3750.0, 3750.0, 3442.0, 3800.0, 3750.0]","[24, 21, 22, 16, 21, 23, 23, 20, 26, 24]",0.25321216583251954,"[0.2654764652252197, 0.24556469917297363, 0.23531842231750488, 0.28055763244628906, 0.28587985038757324, 0.2428433895111084, 0.20925426483154297, 0.23492670059204102, 0.25845789909362793, 0.27384233474731445]"
TSensDP,snap_facebook,1,q_triangle_c6971a,source_686_circle_circle12,30,10,1.0,0.5,0.5,3106.464206623285,19.2,3106.2,3800.0,"[3768.046691672709, 3467.752189976867, 3515.1384853032973, 3249.6479612562453, 2226.512547720173, 3456.448413481924, 2486.526823158989, 1530.4983092670122, 3897.3319824190667, 3466.7386619765707]","[3800.0, 3442.0, 3526.0, 3250.0, 2202.0, 3442.0, 2514.0, 1560.0, 3800.0, 3526.0]","[25, 20, 21, 18, 12, 20, 13, 10, 32, 21]",0.2440855026245117,"[0.22591805458068848, 0.22555947303771973, 0.23720455169677734, 0.187760591506958, 0.24971747398376465, 0.28446340560913086, 0.26041507720947266, 0.2602579593658447, 0.27007627487182617, 0.23948216438293457]"
TSensDP,snap_facebook,1,q_triangle_c6971a,source_686_circle_circle12,50,10,1.0,0.5,0.5,3611.940979131903,29.1,3563.6,3800.0,"[3840.483231443993, 3411.097986846999, 3886.271145314024, 2173.540533395856, 3775.888688124114, 3772.710558433404, 3765.560251182162, 3469.6121135578105, 3991.750304257055, 4032.49497876361]","[3800.0, 3442.0, 3800.0, 2202.0, 3800.0, 3800.0, 3750.0, 3442.0, 3800.0, 3800.0]","[25, 20, 34, 12, 31, 55, 24, 20, 29, 41]",0.24870579242706295,"[0.24884581565856934, 0.28427600860595703, 0.26416707038879395, 0.24311351776123047, 0.2500736713409424, 0.20031499862670898, 0.21039867401123047, 0.2832920551300049, 0.24814200401306152, 0.25443410873413086]"
TSensDP,snap_facebook,1,q_triangle_c6971a,source_686_circle_circle12,80,10,1.0,0.5,0.5,3195.263939297295,33.8,3215.1,3800.0,"[2757.9525618787234, 3818.6762639717226, 3792.6088972401503, 862.7142042131188, 3551.9319769848876, 3394.6019657771208, 2737.025186480605, 3957.187390795889, 3379.762026824396, 3700.1789188063417]","[2738.0, 3800.0, 3800.0, 889.0, 3658.0, 3402.0, 2738.0, 3800.0, 3526.0, 3800.0]","[14, 32, 90, 8, 22, 19, 14, 88, 21, 30]",0.2467146158218384,"[0.2780933380126953, 0.24327754974365234, 0.2582056522369385, 0.25284576416015625, 0.22187304496765137, 0.24134349822998047, 0.27813053131103516, 0.23485684394836426, 0.22136569023132324, 0.23715424537658691]"
TSensDP,snap_facebook,1,q_triangle_c6971a,source_686_circle_circle12,100,10,1.0,0.5,0.5,2744.33586897698,25.5,2755.8,3800.0,"[1889.50482454938, 1245.0023606469947, 3752.3971948297913, 3104.031761869389, 3079.6673517326963, 3739.87428550254, 2511.129150702556, 2720.6364982172154, 3850.6727397638388, 1550.4425219554025]","[1890.0, 1240.0, 3800.0, 3142.0, 3074.0, 3800.0, 2514.0, 2738.0, 3800.0, 1560.0]","[11, 9, 45, 17, 16, 28, 13, 14, 92, 10]",0.2499405384063721,"[0.29054999351501465, 0.2294306755065918, 0.20643949508666992, 0.22191762924194336, 0.2691762447357178, 0.2791860103607178, 0.23453974723815918, 0.27174854278564453, 0.2455434799194336, 0.2508735656738281]"
TSensDP,snap_facebook,1,q_triangle_c6971a,source_686_circle_circle12,1000,10,1.0,0.5,0.5,2792.726963038537,572.7,3164.6,3800.0,"[-5021.883814287212, 8836.745849447583, 3780.828845477182, 3.696608353940717, 3861.768659452644, 3607.9115204984173, 1228.0821173711224, 3035.9163269954606, 4789.915982106012, 3804.2875349702226]","[3800.0, 3800.0, 3800.0, 6.0, 3800.0, 3800.0, 1240.0, 3800.0, 3800.0, 3800.0]","[2200, 445, 27, 1, 27, 96, 9, 388, 1324, 1210]",0.2716761589050293,"[0.31180787086486816, 0.28942418098449707, 0.24201416969299316, 0.2494056224822998, 0.26829981803894043, 0.28031158447265625, 0.22161006927490234, 0.30884408950805664, 0.27632832527160645, 0.26871585845947266]"
